{
  "Total" : {
    "transaction" : "Total",
    "sampleCount" : 40,
    "errorCount" : 0,
    "errorPct" : 0.0,
    "meanResTime" : 1610.1,
    "medianResTime" : 1446.0,
    "minResTime" : 398.0,
    "maxResTime" : 3724.0,
    "pct1ResTime" : 2612.3999999999996,
    "pct2ResTime" : 3400.199999999999,
    "pct3ResTime" : 3724.0,
    "throughput" : 4.167100739660381,
    "receivedKBytesPerSec" : 626.2443312779977,
    "sentKBytesPerSec" : 0.7247662516928847
  },
  "HTTP Request" : {
    "transaction" : "HTTP Request",
    "sampleCount" : 40,
    "errorCount" : 0,
    "errorPct" : 0.0,
    "meanResTime" : 1610.1,
    "medianResTime" : 1446.0,
    "minResTime" : 398.0,
    "maxResTime" : 3724.0,
    "pct1ResTime" : 2612.3999999999996,
    "pct2ResTime" : 3400.199999999999,
    "pct3ResTime" : 3724.0,
    "throughput" : 4.167100739660381,
    "receivedKBytesPerSec" : 626.2443312779977,
    "sentKBytesPerSec" : 0.7247662516928847
  }
}